team_id,team_name,club,event_age,gender,division,bracket,coverage,games_365,distinct_opponents,last_game_date,rating,in_db
65155,Fever United 15B C. Smith,Fever United,U11,m,Silver II,Bracket B,RED,0,0,,,yes
490220,Atletico Dallas Youth Pre ECNL G15- Perez,Atletico Dallas Youth,U12,f,11v11 Silver,Bracket A,GREEN,23,19,2026-05-09,1464.28,yes
624292,BVB IA 18B Black East Solares,BVB International Academy Texas,U8,m,7v7 18s Silver,Bracket B,RED,0,0,,1452.15,yes
518001,BC Elite 10/11G,BC Elite,U16,f,HS 1,Bracket A,RED,2,2,2025-12-07,,yes
496328,North Texas Elite 19B Pina,North Texas Elite SC,U7,m,Gold 4v4,Bracket A,RED,0,0,,1491.36,yes
296025,Coppell Youth SA LIGHTNING,Coppell Youth SA,U9,m,7v7 Recreational,Bracket A,RED,8,5,2025-10-25,,yes
647375,Nido Águila 14G Gonzalez,Club America - Tarrant County,U12,f,9v9 Bronze II,Bracket B,RED,0,0,,,yes
210400,Solar ECNL RL 13B Tremblay,Solar SC,U13,m,11v11 Gold,Bracket A,RED,0,0,,,yes
523070,ULETE FC 16B Rab,Ulete FC,U10,m,,,RED,0,0,,,yes
647790,Avanti SA White NPL NTX B11,Avanti Soccer Academy,U15,m,DS Silver,Bracket B,MISSING,0,0,,,no
127797,Dallas Legacy 12G Olguin,Dallas Legacy,U14,f,11v11 Silver,Bracket A,RED,0,0,,,yes
352970,BVB 15B PreECNL Elite (Klassen),BVB International Academy Texas,U11,m,DS 9v9 Silver Elite,Bracket A,RED,0,0,,,yes
209632,NTX Celtic 16B Del Olmo,NTX Celtic FC,U10,m,9v9 Gold,Bracket A,RED,0,0,,,yes
612676,Dallas Surf 2013G NL TX-N,Dallas Surf,U13,f,11v11 Silver,Bracket A,GREEN,57,44,2026-05-09,1726.81,yes
646561,Southside Soccer 14B Black,Southside Soccer,U12,m,9v9 Silver Crossover,Bracket A,RED,1,1,2025-07-28,,yes
274348,Kernow Storm FC G13 API Lynch,Kernow Storm FC,U13,f,11v11 Bronze,Bracket A,RED,0,0,,1485.46,yes
661076,NTX United FC 2018B Balleza,NTX United FC,U8,m,4v4 Bronze,Bracket A,RED,0,0,,,yes
452126,BVB 18B Puma (DeSousa),BVB International Academy Texas,U8,m,7v7 18s Silver,Bracket A,RED,0,0,,1541.83,yes
544815,Athens Futbol Club - 12B Aguilar,Athens Futbol Club,U14,m,11v11 Silver,Bracket A,RED,0,0,,,yes
577503,FC Dallas Youth 16B Palmisano,FC Dallas Youth,U10,m,9v9 16s Silver,Bracket A,RED,0,0,,,yes
620522,DKSC 16B RAMOS,DKSC,U10,m,9v9 16s Silver,Bracket A,RED,0,0,,,yes
564974,Wildcats 18G,Lake Highlands SA,U8,f,4v4 Recreational,Bracket A,MISSING,0,0,,,no
411364,FC Strikers 11B,Strikers FC( Texas),U15,m,DS Silver,Bracket B,RED,0,0,,,yes
338205,Juventus Premier FC 14G Black Cantu,Juventus Premier Futbol Club,U12,f,11v11 Silver,Bracket A,RED,0,0,,1489.01,yes
363837,OK Energy FC 13G ECRL2,Oklahoma Energy FC,U13,f,11v11 Silver,Bracket A,RED,0,0,,,yes
385563,NTX United FC 2010B Costello,NTX United FC,U16,m,DS Bronze Crossover,Bracket A,RED,0,0,,,yes
480477,Atletico Dallas Youth 15G Welge,Atletico Dallas Youth,U11,f,9v9 DS Gold,Bracket B,RED,0,0,,,yes
263642,FC Dallas Youth Pre ECNL G16 Webb,FC Dallas Youth,U10,f,9v9 DS Gold,Bracket A,RED,0,0,,1499.73,yes
206219,Sting Pre-ECNL G14 Kovacevic,Sting Soccer Club,U12,f,11v11 DS Gold,Bracket A,RED,0,0,,1615.42,yes
450608,Sting Attack G13 H Pantoja,Sting Soccer Club,U13,f,11v11 Bronze,Bracket B,RED,0,0,,1436.71,yes
515832,Texoma FC 2011 Boys Red,Texoma Football Club,U15,m,DS Silver Elite,Bracket A,RED,0,0,,,yes
120385,TEXAS UNITED AC 11B ALDAMA,Texas United AC,U15,m,DS Silver Elite,Bracket A,YELLOW,7,5,2026-05-31,,yes
468764,Sting B17 Lucero,Sting Soccer Club,U10,m,9v9 17s,Bracket B,RED,0,0,,1624.15,yes
607909,Blue Dragons Ramirez 20,Mineral Wells Soccer,U6,m,Bronze,Bracket A,MISSING,0,0,,,no
691814,Atletico Dallas Youth 17G South Gray,Atletico Dallas Youth,U9,f,7v7 Bronze II Crossover,Bracket A,RED,3,3,2026-01-04,1426.43,yes
88917,Solar ECNL RL-NTX 11B Red,Solar SC,U15,m,DS Silver,Bracket A,GREEN,22,19,2026-05-18,,yes
122423,NTX Celtic 13B High,NTX Celtic FC,U13,m,11v11 Bronze Crossover,Bracket B,RED,0,0,,,yes
512002,Fort Worth Vaqueros FC 15 Alonzo,Fort Worth Vaqueros FC,U11,m,9v9 Bronze II,Bracket B,RED,0,0,,,yes
438739,Texas Warriors FC 2017G,Texas Warriors FC,U9,f,7v7 Bronze II Crossover,Bracket B,RED,0,0,,1435.47,yes
642320,Solar South 19G Guzman,Solar SC,U7,f,4v4 2019s,Bracket A,RED,0,0,,,yes
614141,ISW Academy 16 Oviedo,ISW Academy,U10,m,,,RED,0,0,,1468.28,yes
120670,OTIS F.C,Otis FC,U17,m,Bracket B,Bracket A,RED,0,0,,,yes
625861,Dallas Surf 17B North Black,Dallas Surf,U9,m,7v7 Bronze Crossover,Bracket B,RED,4,3,2026-01-18,1491.30,yes
404872,Chili Peppers 18G,GLASA,U8,f,4v4 Recreational,Bracket A,RED,0,0,,,yes
625826,Dallas Surf 2013B NL TX-N,Dallas Surf,U13,m,11v11 Bronze II,Bracket B,RED,0,0,,,yes
475356,North Texas Elite 2015G Pina,North Texas Elite SC,U11,f,9v9 Silver,Bracket A,RED,0,0,,,yes
387583,Sting Pre ECNL B16 Lucero,Sting Soccer Club,U11,m,DS 9v9 Silver Elite,Bracket A,RED,0,0,,1600.99,yes
639034,Atletico Dallas Youth Central 18B White,Atletico Dallas Youth,U8,m,7v7 Bronze,Bracket A,RED,0,0,,1456.99,yes
625812,Dallas Surf 12B Blue,Dallas Surf,U14,m,11v11 Bronze II,Bracket B,RED,0,0,,,yes
500550,Dallas Surf 11G Black,Dallas Surf,U15,f,Silver,Bracket A,GREEN,21,16,2026-05-09,1564.58,yes
380066,Solar South 17G Guzman,Solar SC,U10,f,9v9 17s,Bracket A,RED,0,0,,1483.95,yes
590352,FC Dallas Youth 17B Central Mata,FC Dallas Youth,U9,m,7v7 Silver,Bracket A,YELLOW,8,8,2026-03-29,1538.97,yes
686296,FC Dallas Youth 18B Mata Central,FC Dallas Youth,U8,m,4v4 Silver,Bracket A,RED,0,0,,1500.96,yes
91775,Fever United 14G Wright,Fever United,U12,f,9v9 Bronze II,Bracket B,RED,0,0,,,yes
209911,GLASA Scorpions 12B,GLASA,U14,m,11v11 Bronze II,Bracket A,RED,4,4,2025-08-10,1441.26,yes
242929,Sting Pre-ECNL G14 H Martinez,Sting Soccer Club,U12,f,11v11 DS Gold,Bracket A,RED,0,0,,1543.13,yes
582485,GLASA Goal Getters 18B,GLASA,U8,m,4v4 Bronze,Bracket B,RED,3,3,2025-12-21,,yes
396557,Fever United 12B (Prev. Nido Águila Tarrant 12B Tovar),Fever United,U14,m,11v11 Bronze,Bracket C,RED,0,0,,,yes
299334,Dallas Texans 2018 Girls Dallas,Dallas Texans,U8,f,Dallas Showcase Super Group 7v7 18s,Bracket B,RED,3,3,2025-09-21,1466.02,yes
124196,Pinnacle Soccer Academy 16B,Independent Teams - NTX,U10,m,9v9 Bronze II Crossover,Bracket C,RED,0,0,,,yes
205965,TAG 16B Black,TAG Soccer,U10,m,9v9 Bronze,Bracket A,RED,0,0,,,yes
261287,Texas Spurs FC 13B,Texas Spurs,U13,m,11v11 Silver,Bracket A,RED,0,0,,,yes
385588,Solar 14B Jenkins,Solar SC,U13,m,11v11 Silver 14s,Bracket A,RED,0,0,,1566.42,yes
534498,Solar 18G Jenkins,Solar SC,U8,f,Dallas Showcase Super Group 7v7 18s,Bracket B,RED,0,0,,1439.14,yes
640564,ULETE FC 17G Josh,Ulete FC,U9,f,7v7 Silver,Bracket A,RED,3,3,2026-04-12,1498.08,yes
651878,ULETE FC 18G Jasmine,Ulete FC,U8,f,4v4 Bronze,Bracket A,RED,0,0,,1463.15,yes
588213,Forms Academy 19,Forms Academy,U7,m,Gold 4v4,Bracket B,RED,0,0,,1541.01,yes
651875,ULETE FC 18B Jasmine,Ulete FC,U8,m,4v4 Silver,Bracket A,RED,0,0,,1455.25,yes
390230,Lions Futbol Club 2011B,Lions Futbol Club,U15,m,DS Silver Elite,Bracket A,RED,0,0,,1523.41,yes
612399,Solar West 15B Garcia.S PreECNL,Solar SC,U12,m,9v9 Silver Crossover,Bracket A,YELLOW,14,14,2026-02-01,1468.82,yes
544813,Athens Futbol Club - 15G Gonzalez,Athens Futbol Club,U11,f,9v9 Bronze II,Bracket B,RED,0,0,,,yes
531954,Thunder United SC 15B Red,Thunder United Soccer Club,U11,m,9v9 Bronze,Bracket A,RED,0,0,,,yes
537575,GLASA LADYBUGS 17G,GLASA,U9,f,7v7 Bronze II Crossover,Bracket A,RED,3,3,2025-11-22,,yes
522356,Dallas Texans 2018 Boys South,Dallas Texans,U9,m,18s,Bracket A,YELLOW,6,6,2026-04-13,1534.46,yes
404320,Sting FTW G17 Rey,Sting Soccer Club,U9,f,7v7 Dallas Showcase Super Group 17s,Bracket A,RED,0,0,,1532.39,yes
441884,Soccerplex United 17B Red,Soccerplex United,U9,m,7v7 Silver,Bracket B,RED,0,0,,1452.34,yes
632643,PSG DFW 09B ORTEGA,Paris Saint-Germain Academy DFW,U17,m,Bracket B,Bracket A,RED,0,0,,,yes
505988,Fever United 12G Schott,Fever United,U14,f,11v11 Bronze Crossover,Bracket B,GREEN,70,42,2026-05-31,,yes
85290,Juventus Premier FC 12G,Juventus Premier FC,U14,f,11v11 Silver,Bracket A,RED,0,0,,,yes
96187,FC Dallas Youth 15G North White,FC Dallas Youth,U11,f,9v9 Silver,Bracket A,RED,0,0,,,yes
586785,BVB 13G GA,BVB International Academy Texas,U13,f,Dallas Showcase Super Group 13s,Bracket A,RED,0,0,,1501.77,yes
81594,Coppell FC 11G Morales,Coppell Youth SA,U15,f,Silver,Bracket B,RED,0,0,,,yes
587363,Dallas Texans 2019 Boys Black Dallas,Dallas Texans,U7,m,Gold 4v4,Bracket A,RED,3,3,2025-12-21,1541.01,yes
149444,FC DIVAS XIII,FCD,U13,f,11v11 Silver,Bracket B,RED,0,0,,,yes
106525,Plano Planets,,U16,m,DS Bronze Crossover,Bracket B,RED,0,0,,,yes
65128,Fever United 10B Jacobo,Fever United,U16,m,DS Bronze Crossover,Bracket B,RED,0,0,,,yes
524735,Nido Aguila Mt. Pleasant,Club America (TX),U16,m,DS Silver Crossover,Bracket A,RED,0,0,,,yes
672639,ISW Academy 20 Muñoz,ISW Academy,U6,m,Bronze,Bracket B,RED,0,0,,1470.02,yes
642947,FC Dallas Youth 18G Webb,FC Dallas Youth,U8,f,Dallas Showcase Super Group 7v7 18s,Bracket B,RED,0,0,,1596.84,yes
625830,Dallas Surf 14G White,Dallas Surf,U12,f,11v11 Silver,Bracket A,RED,0,0,,,yes
96125,FC Dallas Youth 15G Blue,FC Dallas Youth,U11,f,9v9 Silver,Bracket B,RED,0,0,,,yes
452033,DSA Dallas Blues 19B,,U8,m,4v4 Bronze,Bracket A,RED,0,0,,1503.36,yes
452034,Dallas Blues 19G,,U7,f,4v4 2019s,Bracket A,RED,0,0,,,yes
505380,BVB 18G Gold (DeWet),BVB International Academy Texas,U9,f,7v7 Dallas Showcase Super Group 17s,Bracket B,YELLOW,17,15,2026-02-01,,yes
541502,Arl Rodriguez/South Dallas Leon 15B,Arlington SA,U11,m,9v9 Bronze II,Bracket B,RED,0,0,,,yes
640234,North Texas Elite 2020B Pina,North Texas Elite SC,U6,m,Gold,Bracket A,RED,0,0,,1514.33,yes
649980,South Dallas Leon 2014B,Independent Teams - NTX,U12,m,9v9 Bronze,Bracket C,RED,0,0,,,yes
527493,Texas Spurs FC 10B White,Texas Spurs,U16,m,DS Bronze Crossover,Bracket B,RED,0,0,,,yes
82918,FC Dallas Youth 11G North White,FC Dallas Youth,U15,f,Silver Elite Crossover,Bracket A,RED,0,0,,,yes
364378,BVB 15B Black (DeSousa),BVB International Academy Texas,U11,m,9v9 Bronze,Bracket C,RED,0,0,,,yes
547107,ULETE FC 15B Simon,Ulete FC,U11,m,9v9 Bronze,Bracket B,RED,0,0,,,yes
669148,DSA Dallas Blues 19/18B Dev.,,U8,m,4v4 Bronze,Bracket B,MISSING,0,0,,,no
631197,Metro West Wolves 16B Rogers,Metro West SC,U10,m,9v9 Bronze II Crossover,Bracket B,RED,0,0,,,yes
507940,BVB 15B PreECNL White (DeSousa),BVB International Academy Texas,U11,m,9v9 Silver,Bracket B,RED,0,0,,,yes
365055,DKSC 16/17B DE LA CRUZ BLACK,DKSC,U10,m,9v9 Bronze,Bracket B,RED,0,0,,1423.20,yes
233278,DKSC 16B Pre-ECNL DE LA CRUZ,DKSC,U10,m,9v9 Gold,Bracket A,RED,0,0,,,yes
298249,Fortress FC 15G,Fortress FC,U11,f,9v9 Bronze II,Bracket A,RED,0,0,,,yes
703397,BVB 17/18G White East (Solares),BVB International Academy Texas,U9,f,7v7 Bronze II Crossover,Bracket B,GREEN,20,20,2026-05-30,,yes
496853,Fever United 12B Morrow,Fever United,U14,m,11v11 Bronze II,Bracket B,RED,0,0,,,yes
637598,Texoma FC 2010 Girls Red,Texoma Football Club,U16,f,HS 2,Bracket A,RED,0,0,,,yes
666725,Villarreal NTX 16B,Villarreal NTX,U10,m,9v9 16s Silver Elite,Bracket A,RED,0,0,,,yes
361688,Solar 11G Givens ECNL RL NTX,Solar SC,U15,f,Silver Elite Crossover,Bracket A,RED,0,0,,1564.36,yes
536477,Revolution Premier SC 15G,Revolution Premier SC,U11,f,9v9 Bronze,Bracket A,RED,0,0,,,yes
454411,Revolution Premier SC 16G Blue,Revolution Premier SC,U10,f,9v9 Bronze II,Bracket B,RED,4,4,2026-03-01,,yes
688610,Fever United 11B Yellow,Fever United,U15,m,DS Silver Elite,Bracket A,MISSING,0,0,,,no
532048,Atletico Dallas Youth Central 16B White,Atletico Dallas Youth,U10,m,9v9 Bronze II Crossover,Bracket C,RED,0,0,,1459.20,yes
520052,AlphaForms'16G,Forms Academy,U10,f,9v9 DS Gold,Bracket A,RED,3,3,2025-12-07,,yes
541887,AlphaForms'17G,Forms Academy,U9,f,7v7 Dallas Showcase Super Group 17s,Bracket A,RED,3,3,2025-11-23,1577.80,yes
154329,Cobras,Little Elm Youth SA,U11,m,9v9 Bronze II,Bracket C,RED,2,2,2025-08-03,,yes
625811,Dallas Surf South 12B Black,Dallas Surf,U14,m,11v11 Bronze II,Bracket C,GREEN,10,7,2026-05-17,,yes
623896,FC Dallas Youth 15B Navy,FC Dallas Youth,U11,m,Silver II,Bracket A,RED,0,0,,,yes
523908,Dallas Texans 2019 Boys White Dallas,Dallas Texans,U7,m,Bronze 4v4,Bracket A,RED,0,0,,1484.74,yes
370310,Sting FTW G17 Kovacevic,Sting Soccer Club,U9,f,7v7 Silver,Bracket A,RED,5,4,2025-09-01,,yes
387622,Dallas Texans 2018 Boys Red Dallas,Dallas Texans,U8,m,7v7 18s Silver,Bracket B,RED,0,0,,1471.37,yes
401805,Dutch Lionesses 14G AJAX,Dutch FC,U12,f,11v11 Bronze,Bracket A,RED,0,0,,,yes
120846,Dallas Cosmos 11G White,Dallas Cosmos Soccer Club,U15,f,Silver,Bracket B,RED,5,5,2025-05-18,,yes
82916,FC Dallas Youth 11G White,FC Dallas Youth,U15,f,Silver,Bracket B,RED,0,0,,1467.46,yes
386019,FC Dallas Youth Pre ECNL G16 Avant West,FC Dallas Youth,U10,f,9v9 Silver,Bracket B,RED,0,0,,,yes
62113,BVB 14G East (Brown),BVB International Academy Texas,U12,f,11v11 Silver,Bracket A,RED,0,0,,,yes
579139,FC Guardians 2016,FC Guardians,U10,m,9v9 Bronze,Bracket A,RED,0,0,,,yes
494964,FC Guardians 2017,FC Guardians,U9,m,7v7 Bronze Crossover,Bracket B,RED,3,3,2025-12-07,1473.82,yes
389719,Texas Warriors FC 16G Red,Texas Warriors FC,U10,f,9v9 Bronze II,Bracket A,RED,4,3,2025-08-31,1440.09,yes
233273,DKSC 20B DE LA CRUZ,DKSC,U6,m,Bronze,Bracket B,MISSING,0,0,,,no
636821,Dallas Surf 15B Black,Dallas Surf,U11,m,9v9 Silver,Bracket C,RED,0,0,,,yes
122826,Dortmund 17B,Independent Teams - NTX,U9,m,7v7 Bronze II,Bracket A,GREEN,14,7,2026-05-03,1408.92,yes
122868,Dortmund 18B,Independent Teams - NTX,U8,m,7v7 Bronze,Bracket B,RED,0,0,,1494.47,yes
452458,Thunder United SC 13B Gold,Thunder United Soccer Club,U13,m,11v11 Bronze II,Bracket A,RED,0,0,,,yes
450821,NTX United FC 2014G Smith,NTX United FC,U13,f,11v11 Bronze,Bracket B,RED,0,0,,1534.07,yes
248284,BVB 11G Black East (Contreras),BVB International Academy Texas,U15,f,Silver,Bracket A,RED,0,0,,,yes
68358,Fever United 12B Phiri,Fever United,U14,m,11v11 Silver,Bracket A,RED,0,0,,,yes
579647,Sting B18 Guess,Sting Soccer Club,U8,m,7v7 18s Silver,Bracket B,RED,0,0,,1638.04,yes
210381,Dallas Hornets 15G (Prev Alpha),Dallas Hornets,U12,f,11v11 DS Gold,Bracket A,RED,0,0,,,yes
624279,BVB 17G Black East Solares,BVB International Academy Texas,U9,f,7v7 Silver,Bracket A,RED,0,0,,,yes
166771,Solar South 15G Adames,Solar SC,U12,f,11v11 DS Gold,Bracket A,RED,0,0,,1550.83,yes
383382,Solar South 16G Adames,Solar SC,U11,f,9v9 DS Gold,Bracket A,RED,0,0,,1586.24,yes
522200,IRVING VELOCITY SC 12 BR,Irving Soccer Association,U14,m,11v11 Bronze II,Bracket B,RED,0,0,,,yes
662850,Kernow Storm FC B10 ECNL RL Alexander,Kernow Storm FC,U16,m,DS Silver Crossover,Bracket B,MISSING,0,0,,,no
659289,Dallas Texans 2020 Boys Red Dallas,Dallas Texans,U7,m,Gold 4v4,Bracket A,RED,0,0,,1593.77,yes
633235,Solar 11G Richardson RL NTX,Solar SC,U15,f,Silver,Bracket A,RED,0,0,,,yes
441539,Sting Attack 17G D Sarmiento,Sting Soccer Club,U10,f,9v9 DS Gold,Bracket B,YELLOW,11,10,2026-01-04,1514.43,yes
450822,NTX United FC 2017B Costello,NTX United FC,U9,m,7v7 Bronze Crossover,Bracket B,RED,0,0,,1447.21,yes
655127,Arl Cruz/JPFC 20B,Arlington SA,U6,m,Bronze,Bracket A,MISSING,0,0,,,no
538656,NTX United FC 2016B Costello,NTX United FC,U10,m,9v9 Bronze,Bracket B,YELLOW,6,5,2026-03-15,,yes
647952,NTX United FC 2016B Herrera,NTX United FC,U10,m,9v9 Bronze II Crossover,Bracket A,RED,0,0,,,yes
403434,LCSA Warriors,Lake Cities SA,U8,f,4v4 Bronze,Bracket B,RED,3,3,2025-10-25,1534.93,yes
88993,Sting Royal ECNL RL NTX G13 Brave Oliver,Sting Soccer Club,U13,f,Dallas Showcase Super Group 13s,Bracket A,RED,0,0,,1510.64,yes
107538,DFW United 11G Sutherland,DFW United SC,U15,f,Silver Elite Crossover,Bracket A,RED,0,0,,1590.72,yes
614131,ISW Academy 10G,ISW Academy,U16,f,HS 2,Bracket A,RED,0,0,,,yes
606148,ISW Academy 12G Ramirez,ISW Academy,U14,f,11v11 Bronze Crossover,Bracket A,RED,0,0,,,yes
354265,DKSC 18B DE LA CRUZ,DKSC,U8,m,4v4 Silver,Bracket A,RED,3,3,2025-08-17,1442.49,yes
643194,Sting Attack B19/20 D Sarmiento,Sting Soccer Club,U7,m,Silver 4v4,Bracket B,MISSING,0,0,,,no
577109,North Texas Elite 18B Soto,North Texas Elite SC,U8,m,7v7 18s Silver,Bracket A,RED,0,0,,1528.34,yes
657244,Texas Lonestars FC,Texas Lonestars FC,U6,m,Gold,Bracket A,YELLOW,6,6,2026-02-22,1514.15,yes
672503,Texas Lonestars FC 19B,Texas Lonestars FC,U7,m,Bronze 4v4,Bracket A,RED,0,0,,1431.13,yes
646542,Solar 14G Tremblay Gold,Solar SC,U12,f,11v11 Bronze,Bracket A,RED,4,4,2025-08-31,,yes
184133,Cannonballs FC 17B,Lake Highlands SA,U9,m,7v7 Recreational,Bracket A,MISSING,0,0,,,no
637021,DKSC 11B RODRIGUEZ ETX,DKSC,U15,m,DS Silver Elite,Bracket A,RED,0,0,,,yes
615139,DFW United SC 18G Sutherland,DFW United SC,U8,f,7v7 Silver,Bracket A,RED,0,0,,1491.49,yes
167646,Kernow Storm FC B13 Red River NPL H.Espinosa,Kernow Storm FC,U13,m,11v11 Gold,Bracket A,RED,0,0,,,yes
139099,Dallas Legacy 15G Arroyo,Dallas Legacy,U11,f,9v9 Bronze,Bracket B,RED,3,3,2026-04-18,1501.45,yes
485179,Dallas Legacy 17B Arroyo,Dallas Legacy,U9,m,7v7 Recreational,Bracket A,RED,0,0,,1390.04,yes
636940,Atletico Dallas Youth 18G Meighen,Atletico Dallas Youth,U8,f,Dallas Showcase Super Group 7v7 18s,Bracket B,YELLOW,7,5,2026-05-20,1580.36,yes
634194,Solar East 17B Gonzales,Solar SC,U9,m,7v7 Bronze Crossover,Bracket A,RED,0,0,,,yes
534291,Juventus Premier FC 14B Cantu,Juventus Premier Futbol Club,U12,m,9v9 Silver Crossover,Bracket A,GREEN,12,6,2026-04-26,,yes
645462,-Juventus Premier FC 2019B,Juventus Premier Futbol Club,U7,m,Bronze 4v4,Bracket B,RED,3,3,2026-04-19,1487.54,yes
641387,Arsenal CF 09B,Independent Teams - NTX,U17,m,DS Silver,Bracket A,RED,2,2,2025-08-03,1498.62,yes
633580,NTX Celtic 19B Monk West,NTX Celtic FC,U7,m,Silver 4v4,Bracket A,RED,3,3,2026-03-01,1484.40,yes
356455,Dallas Surf 17G East Blue,Dallas Surf,U10,f,9v9 17s,Bracket A,RED,3,3,2025-08-17,1468.74,yes
620580,Sting WTX G15 Fernandez,Sting Soccer Club,U11,f,9v9 Bronze,Bracket B,GREEN,22,14,2026-05-10,,yes
513849,ETX United 16G - Swiney,East Texas United SC,U10,f,9v9 Silver,Bracket B,YELLOW,5,4,2025-11-09,,yes
693399,Falls Town FC 17G,Falls Town FC,U9,f,7v7 Dallas Showcase Super Group 17s,Bracket B,RED,0,0,,1498.00,yes
524255,NTX Celtic 14B Shaffer West,NTX Celtic FC,U12,m,9v9 Bronze,Bracket A,RED,0,0,,,yes
288181,NTX Celtic FC Pre-ECNL B14 Shaffer,NTX Celtic FC,U13,m,11v11 Silver 14s,Bracket B,RED,9,8,2025-08-24,1663.68,yes
576833,ULETE FC 17G RAB,Ulete FC,U9,f,7v7 Bronze II Crossover,Bracket A,RED,0,0,,1476.04,yes
260098,Sting FTW G16 Oliver,Sting Soccer Club,U10,f,9v9 Silver,Bracket A,RED,0,0,,,yes
553844,RPSC 16B Mercado_Blue,Revolution Premier SC,U10,m,9v9 16s Silver Elite,Bracket A,RED,0,0,,,yes
408758,Atletico Dallas Youth 16Gs Central Pre ECNL Meighan,Atletico Dallas Youth,U10,f,9v9 Silver,Bracket A,RED,0,0,,,yes
478937,Atletico Dallas Youth Pre-ECNL G16 Meighen,Atletico Dallas Youth,U10,f,9v9 DS Gold,Bracket A,RED,0,0,,1471.12,yes
251738,Sting WTX B14 Fernandez,Sting Soccer Club,U13,m,11v11 Bronze 14s,Bracket A,RED,0,0,,1468.50,yes
683403,Little Gunners - Segura,Heart of Texas Soccer,U6,m,Bronze,Bracket A,RED,0,0,,1487.19,yes
280420,GLASA Raichu 16B,GLASA,U10,m,,,RED,0,0,,,yes
640464,ULETE FC 13G Chris,Ulete FC,U13,f,11v11 Bronze,Bracket A,RED,0,0,,,yes
695547,ULETE FC 18B Degrenier,Ulete FC,U8,m,4v4 Bronze,Bracket A,RED,0,0,,,yes
509792,Solar South 18G Guzman,Solar SC,U8,f,Dallas Showcase Super Group 7v7 18s,Bracket A,RED,3,3,2025-11-15,1595.84,yes
547188,ULETE FC 17B Simon,Ulete FC,U9,m,7v7 Bronze Crossover,Bracket A,RED,0,0,,1411.10,yes
529243,ULETE FC 12G Andre,Ulete FC,U14,f,11v11 Silver,Bracket A,RED,0,0,,,yes
640499,ULETE FC 14G Carlo,Ulete FC,U12,f,9v9 Bronze,Bracket A,RED,0,0,,,yes
658389,ULETE FC 20B Jordan,Ulete FC,U6,m,Bronze,Bracket B,MISSING,0,0,,,no
651942,ULETE FC 19B Jordan,Ulete FC,U7,m,Bronze 4v4,Bracket B,RED,0,0,,1421.02,yes
698802,ULETE FC 18/19G Serame,Ulete FC,U8,f,4v4 Bronze,Bracket A,RED,0,0,,,yes
651871,ULETE FC 20/19G Jordan,Ulete FC,U7,f,4v4 2019s,Bracket A,RED,0,0,,1431.01,yes
695412,ULETE FC 19B Degrenier Blue,Ulete FC,U7,m,Silver 4v4,Bracket B,RED,0,0,,1505.82,yes
697599,ULETE FC 18B Hanibal,Ulete FC,U8,m,4v4 Bronze,Bracket B,RED,0,0,,,yes
572567,ULETE FC 15G Andre,Ulete FC,U11,f,9v9 DS Gold,Bracket B,RED,0,0,,,yes
442024,BVB 16B Pre ECNL Brown,BVB International Academy Texas,U10,m,9v9 16s Silver,Bracket A,RED,0,0,,,yes
123743,Lioness Select 13G,Independent Teams - NTX,U13,f,11v11 Bronze,Bracket B,RED,0,0,,,yes
330123,Sting WTX B16 Albarado,Sting Soccer Club,U10,m,9v9 Bronze,Bracket A,RED,0,0,,,yes
704964,Atlético United FC,Atletico United FC,U11,m,Silver II,Bracket B,RED,0,0,,,yes
330347,TAG Pre ECNL 15B Gold East,TAG Soccer,U11,m,9v9 Silver,Bracket A,RED,0,0,,,yes
334798,Atletico Dallas Youth 15G Williams,Atletico Dallas Youth,U11,f,9v9 Bronze,Bracket A,RED,0,0,,,yes
636127,Dutch Lions 14B Sparta,Dutch FC,U12,m,9v9 Bronze II,Bracket A,RED,0,0,,,yes
634886,NTX Celtic 16B Monk West,NTX Celtic FC,U10,m,9v9 Bronze II Crossover,Bracket B,RED,0,0,,,yes
480478,Atletico Dallas Youth 14B Welge,Atletico Dallas Youth,U12,m,9v9 Bronze II,Bracket B,RED,0,0,,,yes
579421,Dallas Surf 18/19B East,Dallas Surf,U8,m,4v4 Bronze,Bracket B,RED,0,0,,1424.78,yes
333942,Avanti Pre-Academy 17B Red Cavazos,Avanti Soccer Academy,U10,m,7v7 Gold,Bracket A,RED,3,3,2025-08-17,,yes
287678,Avanti PreAcademy 16B Red Cavazos,Avanti Soccer Academy,U10,m,9v9 16s Silver,Bracket A,RED,0,0,,,yes
405293,StrikerZ DFW 2012B Purple,StrikerZ DFW,U14,m,11v11 Bronze,Bracket C,RED,0,0,,,yes
516663,StrikerZ DFW 2012G Purple,StrikerZ DFW,U14,f,11v11 Bronze Crossover,Bracket A,RED,1,1,2025-12-07,,yes
404131,StrikerZ DFW 2013B Purple,StrikerZ DFW,U13,m,11v11 Bronze Crossover,Bracket B,YELLOW,16,16,2026-01-04,,yes
600249,DKSC 19B GARCIA,DKSC,U7,m,Silver 4v4,Bracket A,RED,0,0,,1495.47,yes
634543,Atletico Dallas Youth Blue ECNL-RL NTX B09,Atletico Dallas Youth,U17,m,Bracket B,Bracket A,RED,0,0,,1453.00,yes
82976,FC Dallas Youth Red ECNL RL NTX G13,FC Dallas Youth,U13,f,Dallas Showcase Super Group 13s,Bracket A,RED,0,0,,,yes
405579,Juventus Premier FC 16B Sikora,Juventus Premier Futbol Club,U10,m,9v9 16s Silver Elite,Bracket A,RED,0,0,,,yes
516598,RPSC 13B Mercado,Revolution Premier SC,U13,m,11v11 Bronze Crossover,Bracket B,RED,0,0,,,yes
521886,RPSC 17B Mercado,Revolution Premier SC,U9,m,7v7 Bronze II,Bracket A,RED,3,3,2026-04-13,1443.38,yes
549269,RPSC 18B Mercado,Revolution Premier SC,U8,m,7v7 Bronze,Bracket A,GREEN,22,19,2026-04-26,1441.39,yes
638843,RPSC 19B Mercado_White,Revolution Premier SC,U7,m,Bronze 4v4,Bracket A,RED,0,0,,1412.06,yes
693983,Sting WTX G14 Jimenez,Sting Soccer Club,U12,f,11v11 DS Gold,Bracket A,RED,0,0,,,yes
639228,Revolution Premier SC 18G Black,Revolution Premier SC,U8,f,Dallas Showcase Super Group 7v7 18s,Bracket A,RED,0,0,,1581.36,yes
580876,NTX United FC 2018 Tredway,NTX United FC,U8,m,7v7 Bronze,Bracket A,RED,0,0,,1473.79,yes
661366,South 18G Gold,HTX,U8,f,Dallas Showcase Super Group 7v7 18s,Bracket A,RED,0,0,,1487.82,yes
520251,Atletico Dallas Youth 09G Clark,Atletico Dallas Youth,U17,f,HS 1,Bracket B,RED,0,0,,,yes
621115,Sting Pre ECNL G16 Robles,Sting Soccer Club,U10,f,9v9 DS Gold,Bracket A,GREEN,16,12,2026-04-11,1453.54,yes
704595,Pumas SC 19 ZAM,Duncanville SA,U7,m,Silver 4v4,Bracket B,MISSING,0,0,,,no
488693,BVB 14B PreECNL Yellow (Suffredin),BVB International Academy Texas,U13,m,11v11 Silver 14s,Bracket A,RED,0,0,,1528.45,yes
486124,Dallas Surf 12B South,Dallas Surf,U14,m,11v11 Bronze,Bracket A,YELLOW,17,15,2026-01-19,,yes
560234,Dallas Texans 2020 Boys Dallas,Dallas Texans,U6,m,Gold,Bracket A,RED,0,0,,1515.54,yes
616668,Texas Premier SC 16B,Texas Premier SC,U10,m,9v9 Bronze,Bracket A,YELLOW,12,10,2025-11-09,,yes
697618,Texas Premier SC U12,Texas Premier SC,U12,m,9v9 Silver Crossover,Bracket A,RED,0,0,,1537.20,yes
636891,Atletico Dallas Youth 14G Enciso,Atletico Dallas Youth,U12,f,9v9 Bronze II,Bracket A,RED,0,0,,,yes
396897,Pflugerville Rayados 2015,Mortega Soccer Club Laredo Youth Soccer Academy,U11,m,DS 9v9 Silver Elite,Bracket B,RED,0,0,,1460.16,yes
151633,Rayados MOrtega 2013 Blue,Laredo Youth Soccer Assn,U13,m,11v11 Gold,Bracket A,RED,3,2,2026-05-17,,yes
516534,Rayados MOrtega 2013 White,Laredo Youth Soccer Assn,U13,m,11v11 Bronze Crossover,Bracket A,RED,0,0,,,yes
448624,Rayados Pflugerville 16,Mortega Soccer Club Laredo Youth Soccer Academy,U10,m,9v9 Gold,Bracket A,RED,0,0,,1506.16,yes
448477,Rayados Pflugerville 17,Mortega Soccer Club Laredo Youth Soccer Academy,U10,m,9v9 17s,Bracket B,RED,0,0,,1563.04,yes
516535,Rayados MOrtega 11/12,Laredo Youth Soccer Assn,U15,m,DS Bronze,Bracket B,RED,0,0,,,yes
678221,Rayados Pflugerville 2016 White TYPL,Texas Youth Premier League,U10,m,,,RED,0,0,,,yes
570607,Rayados Pflugerville 2018,Mortega Soccer Club Laredo Youth Soccer Academy,U8,m,7v7 18s Silver,Bracket A,RED,0,0,,1509.58,yes
678227,Rayados Pflugerville 2018 White TYPL,Texas Youth Premier League,U8,m,7v7 Bronze,Bracket C,MISSING,0,0,,,no
369682,17G Nike Volt,RISE Soccer Club,U9,f,7v7 Silver,Bracket A,YELLOW,7,6,2026-04-12,1524.84,yes
364344,Dallas Surf 17G East Black,Dallas Surf,U10,f,9v9 DS Gold,Bracket B,RED,0,0,,1585.58,yes
458924,BVB 15G Yellow (Ibrahimpasic),BVB International Academy Texas,U11,f,9v9 Bronze II,Bracket A,RED,0,0,,,yes
262107,Premier FA 2008B Green,Premier Futbol Academy of San Antonio,U18,m,DS 08-09,Bracket A,RED,0,0,,1549.89,yes
483054,FC Dallas High Plains 2015 Girls Blue,FC Dallas High Plains,U11,f,9v9 Bronze,Bracket A,RED,0,0,,1531.98,yes
483053,FC Dallas High Plains 2015 Girls Red,FC Dallas High Plains,U11,f,9v9 DS Gold,Bracket A,RED,0,0,,,yes
380587,Dutch Lions 14B PSV,Dutch FC,U12,m,9v9 Bronze,Bracket B,RED,0,0,,1478.13,yes
708343,ULETE FC 14/15 Hanibal,Ulete FC,U12,m,9v9 Bronze II,Bracket B,MISSING,0,0,,,no
100365,Texas Spurs FC 11B,Texas Spurs,U15,m,DS Silver,Bracket A,RED,0,0,,,yes
100366,Texas Spurs FC 10B Blue,Texas Spurs,U16,m,DS Bronze Crossover,Bracket A,RED,0,0,,,yes
146891,DFW United SC 16B - BLUE,DFW United SC,U10,m,9v9 16s Silver Elite,Bracket B,RED,0,0,,1495.78,yes
640216,Rayados MOrtega 2014 White,Laredo Youth Soccer Assn,U12,m,9v9 Bronze,Bracket A,RED,0,0,,,yes
204390,Dallas Surf 13G White,Dallas Surf,U13,f,11v11 Bronze,Bracket A,RED,0,0,,,yes
83029,FC Dallas Youth 13G North White,FC Dallas Youth,U13,f,11v11 Silver,Bracket B,RED,0,0,,,yes
655210,DFW United SC 16B - WHITE,DFW United SC,U10,m,,,RED,0,0,,,yes
150463,Statik '10 Boys,Statik Futbol Club,U16,m,DS Bronze Crossover,Bracket A,RED,3,3,2025-05-26,,yes
450578,NTX Celtic 15B Strange South,NTX Celtic FC,U11,m,9v9 Bronze,Bracket A,RED,0,0,,,yes
450377,Revolution Premier SC 18G Blue,Revolution Premier SC,U8,f,7v7 Silver,Bracket A,RED,0,0,,1451.44,yes
658982,Atletico Dallas Youth FTW 15B Blue,Atletico Dallas Youth,U11,m,Silver II,Bracket C,RED,0,0,,,yes
704626,Angels,North Fort Worth Alliance SA,U8,f,4v4 Recreational,Bracket A,MISSING,0,0,,,no
269607,ATLETICO DALLAS YOUTH NPL NTX 10G HERNANDEZ-WTX,Atletico Dallas Youth,U16,f,HS 2,Bracket A,RED,0,0,,,yes
253925,OK Energy FC 12B Red,Oklahoma Energy FC,U14,m,11v11 Bronze,Bracket B,GREEN,25,12,2026-06-06,,yes
634238,FC Dallas East Texas 2014/15 G - Sabillon - BLUE,FC Dallas ETX,U12,f,9v9 Bronze II,Bracket B,RED,0,0,,,yes
405813,Atletico Dallas Youth Pre ECNL 16B HERNANDEZ-WTX,Atletico Dallas Youth,U10,m,9v9 16s Silver,Bracket B,MISSING,0,0,,,no
644733,Titan Warriors 13B,Independent Teams - NTX,U13,m,11v11 Silver,Bracket A,RED,0,0,,,yes
631678,NTX Celtic 14G Holden,NTX Celtic FC,U12,f,9v9 Bronze II,Bracket B,RED,0,0,,,yes
635771,Solar 15B Molano PreECNL Red,Solar SC,U11,m,DS 9v9 Silver Elite,Bracket B,RED,4,4,2025-10-19,1504.26,yes
79154,GLASA Roaring Lions 14G,GLASA,U12,f,9v9 Bronze II,Bracket A,GREEN,16,8,2026-05-17,,yes
529657,Coppell FC 18G Mobley Red,Coppell FC,U8,f,Dallas Showcase Super Group 7v7 18s,Bracket A,RED,3,3,2026-04-12,1473.44,yes
574776,Coppell FC 18G Mobley White,Coppell FC,U8,f,4v4 Bronze,Bracket A,RED,0,0,,1364.92,yes
77860,Kernow Storm FC WTX B08 Lubbock,Kernow Storm FC,U18,m,DS 08-09,Bracket A,RED,0,0,,1564.11,yes
702797,Dallas Deportivo F.C. 15,Dallas Deportivo FC,U11,f,9v9 Bronze II,Bracket A,MISSING,0,0,,,no
138606,FC LEGENDS UTD 10/11B Red,FC LEGENDS UTD,U16,m,DS Bronze Crossover,Bracket B,RED,0,0,,,yes
127580,Sting NPL NTX B13 Pitcock/C Rodriguez,Sting Soccer Club,U13,m,11v11 Silver,Bracket A,RED,0,0,,,yes
647985,Toros FC 2018/2019 Black,El Paso Premier League,U8,m,7v7 18s Silver,Bracket B,RED,0,0,,,yes
717023,Toros FC 2009/2010 Black,El Paso Premier League,U17,m,DS Silver,Bracket A,MISSING,0,0,,,no
643973,TOROS FC 2014 Black,El Paso Premier League,U12,m,9v9 Bronze,Bracket C,RED,0,0,,,yes
693244,Toros FC 2016 Black,El Paso Premier League,U10,m,,,GREEN,59,41,2026-05-30,,yes
686963,Toros FC 2017 Black,El Paso Premier League,U9,m,7v7 Silver,Bracket A,RED,0,0,,,yes
720833,Toros FC 2011/2012 Neon,El Paso Premier League,U15,m,DS Bronze,Bracket A,MISSING,0,0,,,no
10904,Colorado United 2010B Red,Colorado United,U16,m,DS Silver Crossover,Bracket B,RED,0,0,,,yes
537196,BVB 17/18G Oldham,BVB International Academy Texas,U9,f,7v7 Silver,Bracket A,RED,4,3,2026-01-19,1498.10,yes
709418,Solar North 16G,Solar SC,U11,f,9v9 DS Gold,Bracket A,RED,0,0,,1601.98,yes
510811,Dallas Surf 14G East Silver,Dallas Surf,U12,f,11v11 Silver,Bracket A,YELLOW,8,6,2026-03-15,,yes
330126,BVB 15G Black (Oldham),BVB International Academy Texas,U11,f,9v9 Silver,Bracket C,RED,0,0,,,yes
138605,FC LEGENDS UTD 15B Black,FC LEGENDS UTD,U11,m,9v9 Bronze,Bracket C,RED,0,0,,,yes
138604,FC LEGENDS UTD 15B Red,FC LEGENDS UTD,U11,m,9v9 Bronze II,Bracket C,RED,0,0,,,yes
521584,U13 Boys Gold - GO,GFI Academy,U13,m,11v11 Bronze II,Bracket A,RED,0,0,,,yes
620286,Rayos 19B blue 4v4 A,Rayos FC,U7,m,Gold 4v4,Bracket B,RED,0,0,,,yes
701410,Rayos 2019b Red,Rayos FC,U7,m,Bronze 4v4,Bracket B,RED,0,0,,1509.98,yes
81641,Coppell FC 14B Williams Red,Coppell Youth SA,U13,m,11v11 Bronze 14s,Bracket A,RED,0,0,,,yes
188365,Olympians SC 14B Red Chadbourn,Olympians SC,U13,m,11v11 Silver 14s,Bracket A,RED,4,4,2025-05-26,,yes
579593,Sting Attack G17 D Sarmiento White,Sting Soccer Club,U9,f,7v7 Dallas Showcase Super Group 17s,Bracket A,RED,0,0,,1615.70,yes
701441,Solar 18G Carrillo.T,Solar SC,U8,f,4v4 Bronze,Bracket B,MISSING,0,0,,,no
96642,Dallas Surf 12G Black,Dallas Surf,U14,f,11v11 Bronze Crossover,Bracket B,RED,0,0,,,yes
521596,U12 Boys Gold - GO,GFI Academy,U12,m,9v9 Bronze,Bracket A,RED,0,0,,,yes
521605,U11 Boys Gold - GO,GFI Academy,U11,m,9v9 Bronze,Bracket A,RED,0,0,,,yes
362201,Dallas Texans ECNL RL NTX G13,Dallas Texans,U13,f,11v11 Silver,Bracket B,GREEN,29,13,2026-06-10,,yes
486146,Dallas Surf 17G South,Dallas Surf,U9,f,7v7 Bronze II Crossover,Bracket B,GREEN,31,25,2026-05-02,1435.70,yes
151346,Dutch Lions 12B PSV,Dutch FC,U14,m,11v11 Bronze,Bracket A,RED,0,0,,,yes
147249,Dutch Lions 13B PSV,Dutch FC,U13,m,11v11 Bronze II,Bracket A,RED,0,0,,,yes
79663,Sting G14 Fuentes,Sting Soccer Club,U12,f,9v9 Bronze,Bracket A,RED,0,0,,,yes
581666,Coerver United 17B Garcia,GLASA LEAGUE TEAM,U9,m,7v7 Silver,Bracket B,RED,0,0,,1498.69,yes
702031,Atletico Dallas Youth 18B North,Atletico Dallas Youth,U8,m,4v4 Silver,Bracket A,MISSING,0,0,,,no
482778,Atletico Dallas Youth NPL NTX 13B GARCIA-WTX,Atletico Dallas Youth,U13,m,11v11 Bronze Crossover,Bracket A,MISSING,0,0,,,no
729468,Shiloh FC 11B,Shiloh FC,U15,m,DS Silver,Bracket B,MISSING,0,0,,,no
511449,Sting ECNL RL NTX B12 Pitcock,Sting Soccer Club,U14,m,11v11 Bronze II,Bracket A,RED,0,0,,,yes
166088,14G McGregor,Evolution,U12,f,11v11 Bronze,Bracket A,RED,0,0,,,yes
164913,15B McGregor,Evolution,U11,m,9v9 Bronze II,Bracket B,RED,0,0,,,yes
637372,Solar East 09B Spear,Solar SC,U17,m,Bracket B,Bracket A,MISSING,0,0,,,no
58684,Houstonians FC STXCL ECNL-RL G07,Houstonians FC,U19,f,Gold,Bracket B,MISSING,0,0,,,no
354518,Inter Dallas SC 09G,Dallas Inter Soccer Club,U17,f,HS 1,Bracket A,RED,0,0,,,yes
134104,Coppell FC 15G Campanella White,Coppell Youth SA,U11,f,9v9 Bronze II,Bracket A,RED,0,0,,,yes
602391,DKSC 20B ROJAS,DKSC,U6,m,Gold,Bracket A,MISSING,0,0,,,no
622312,BVB 14B Black East (Fritz),BVB International Academy Texas,U12,m,9v9 Bronze II,Bracket A,RED,0,0,,,yes
269189,Amarillo Rush 14G,Amarillo Rush SC,U12,f,11v11 Bronze,Bracket A,RED,0,0,,,yes
526703,Sting B18 Lucero,Sting Soccer Club,U9,m,18s,Bracket A,YELLOW,6,6,2026-04-12,1503.92,yes
363894,NOKC 2017 Boys White,North OKC SC,U9,m,7v7 Silver,Bracket B,MISSING,0,0,,,no
646179,Sting B17 Ortiz,Sting Soccer Club,U10,m,9v9 17s,Bracket B,RED,3,3,2026-04-12,1527.85,yes
166090,15G Moon,Evolution,U11,f,9v9 Silver,Bracket B,RED,0,0,,,yes
501618,FC LEGENDS UTD 16B Black,FC LEGENDS UTD,U10,m,9v9 Bronze II Crossover,Bracket B,GREEN,27,18,2026-05-15,1587.88,yes
392513,FC LEGENDS UTD 16B Red,FC LEGENDS UTD,U10,m,9v9 Bronze,Bracket B,RED,0,0,,,yes
329562,FC LEGENDS UTD 17B Red,FC LEGENDS UTD,U9,m,7v7 Silver,Bracket A,RED,0,0,,1503.97,yes
661305,Solar West 19G Richie,Solar SC,U7,f,4v4 2019s,Bracket A,RED,0,0,,,yes
516424,Extreme FC 12G Reyes,Extreme FC,U14,f,11v11 Bronze Crossover,Bracket A,RED,0,0,,,yes
508168,NTX Celtic FC Pre-ECNL B14 Brice,NTX Celtic FC,U13,m,11v11 Silver 14s,Bracket A,RED,3,3,2025-08-31,,yes
510567,FC LEGENDS UTD 18B Red,FC LEGENDS UTD,U8,m,7v7 Bronze,Bracket C,GREEN,36,20,2026-05-16,,yes
510864,FC Dallas Youth 17B Barrera,FC Dallas Youth,U9,m,7v7 Silver,Bracket B,RED,1,1,2025-11-15,1475.73,yes
488204,Texas Warriors FC 15B Salas,Texas Warriors FC,U11,m,9v9 Silver,Bracket B,RED,1,1,2025-05-03,,yes
385944,FC Dallas Youth 14G West,FC Dallas Youth,U12,f,11v11 Bronze,Bracket A,GREEN,10,8,2026-05-31,1462.84,yes
658373,ISW Academy 18 Munoz,ISW Academy,U8,m,7v7 Bronze,Bracket B,RED,0,0,,1636.94,yes
711810,Solar SW 20B Garcia S.,Solar SC,U6,m,Bronze,Bracket A,MISSING,0,0,,,no
612677,Dallas Surf 15G North,Dallas Surf,U11,f,9v9 Silver,Bracket B,RED,0,0,,,yes
514002,Texas LoneStars 14B,Texas LoneStars Soccer Club,U12,m,9v9 Bronze,Bracket C,RED,0,0,,,yes
277190,Texas LoneStars 12B,Texas LoneStars Soccer Club,U14,m,11v11 Bronze,Bracket B,RED,0,0,,,yes
535016,Pumas SC- 2013 Zam,Pumas SC NTX,U13,m,11v11 Gold,Bracket A,YELLOW,19,11,2025-12-20,,yes
129045,Atletico Dallas Youth 13B Reyes Central,Atletico Dallas Youth,U13,m,11v11 Bronze Crossover,Bracket B,YELLOW,6,6,2026-05-03,,yes
152293,Texas Spurs FC 12B,Texas Spurs,U14,m,11v11 Bronze II,Bracket C,RED,0,0,,,yes
661810,Atletico Dallas Youth Central 18G Welge,Atletico Dallas Youth,U8,f,7v7 Silver,Bracket A,RED,0,0,,,yes
148428,13B McMillian,Evolution,U14,m,11v11 Silver,Bracket A,RED,0,0,,,yes
628945,FC Dallas Youth 15G Navy,FC Dallas Youth,U11,f,9v9 Silver,Bracket C,YELLOW,8,5,2026-05-03,,yes
333895,GLASA CHEETAHS 16G,GLASA,U10,f,9v9 Bronze II,Bracket B,RED,0,0,,,yes
272284,Coppell FC 16B Reeck Red,Coppell Youth SA,U10,m,9v9 Gold,Bracket A,RED,0,0,,,yes
390669,Atletico Dallas Youth FDL 09B Reyes,Atletico Dallas Youth,U17,m,DS Silver,Bracket A,RED,0,0,,,yes
262456,Elite Premier FC 2010,Elite Premier FC,U16,m,DS Silver Crossover,Bracket A,RED,0,0,,,yes
614628,Elite Premier FC 2014G,Elite Premier FC,U12,f,9v9 Bronze,Bracket A,GREEN,22,16,2026-05-09,,yes
382244,Bulverde YSA Relentless SC '14,Bulverde YSA,U12,m,9v9 Bronze,Bracket C,RED,0,0,,,yes
389072,Barca Academy Austin STXCL B12,Legends FC - San Antonio,U14,m,11v11 Silver,Bracket A,RED,0,0,,,yes
634544,Barça Academy Austin 14B Red,Legends FC - San Antonio,U12,m,9v9 Silver Crossover,Bracket A,RED,0,0,,,yes
634545,Barça Academy Austin 14B Black,Legends FC - San Antonio,U12,m,9v9 Bronze,Bracket B,RED,0,0,,,yes
406242,Barca Academy Austin 15/16B Blue,Hill Country FC / Barca Academy Austin,U11,m,Silver II,Bracket B,RED,0,0,,,yes
645858,Coppell FC 19B Shabout Red,Coppell FC,U7,m,Silver 4v4,Bracket B,RED,0,0,,1485.47,yes
105799,NTX Celtic FC ECNL RL NTX G09,NTX Celtic FC,U17,f,HS 1,Bracket A,RED,0,0,,,yes
630965,Sting G16 Brady,Sting Soccer Club,U10,f,9v9 Bronze II,Bracket A,RED,0,0,,,yes
631035,Elite Premier FC 2015B,Elite Premier FC,U11,m,9v9 Bronze II,Bracket A,RED,0,0,,,yes
452635,Dallas Texans 2018 Girls Red Dallas,Dallas Texans,U8,f,7v7 Silver,Bracket B,RED,3,3,2025-12-07,1490.24,yes
491040,Solar Pre ECNL G15 Naizer,Solar SC,U11,f,9v9 Silver,Bracket A,RED,0,0,,,yes
484573,Atletico Dallas Youth G17 Meighen,Atletico Dallas Youth,U10,f,9v9 17s,Bracket A,YELLOW,6,5,2025-12-14,1557.64,yes
265071,FC Hurst United 09G,Hurst United SA,U19,f,Gold,Bracket B,MISSING,0,0,,,no
654833,BVB 16B White (Kennedy),BVB International Academy Texas,U10,m,9v9 16s Silver,Bracket B,RED,0,0,,,yes
645859,Coppell FC 19B Robicheaux White,Coppell FC,U7,m,Silver 4v4,Bracket A,RED,3,3,2026-04-12,1492.82,yes
643624,OKC 405 FC 2016 G - Elite,OKC 405 FC,U10,f,9v9 DS Gold,Bracket B,RED,4,3,2025-10-05,,yes
584552,Atletico Dallas Youth Dallas 18B O Rodriguez,Atletico Dallas Youth,U8,m,7v7 Bronze,Bracket C,RED,0,0,,,yes
326480,Dutch Lions 12B Feyenoord,Dutch FC,U14,m,11v11 Bronze II,Bracket A,RED,3,3,2025-05-17,,yes
656212,Sharks FC,Independent Teams - NTX,U9,m,7v7 Bronze II,Bracket B,RED,0,0,,1434.05,yes
151489,FC Dallas El Paso 2011,El Paso Premier League,U15,m,DS Silver,Bracket A,RED,0,0,,,yes
492976,Solar South 11G Cameron,Solar SC,U15,f,Silver Elite Crossover,Bracket A,RED,0,0,,,yes
685328,FC Dallas 2017 Pre MLS Academy,,U10,m,9v9 Gold,Bracket A,RED,0,0,,1548.97,yes
698904,FC Dallas North Academy 2017,FC Dallas,U10,m,9v9 17s,Bracket A,RED,0,0,,1564.78,yes
691655,NTX United FC 2015/16B Guibert,NTX United FC,U11,m,Silver II,Bracket A,RED,0,0,,1489.34,yes
644115,NTX United FC 2019B Guibert,NTX United FC,U7,m,Bronze 4v4,Bracket B,RED,4,4,2026-04-26,1500.44,yes
654209,Solar South 12G Cameron RLNTX,Solar SC,U14,f,11v11 Silver,Bracket A,RED,0,0,,,yes
81616,Coppell FC 13B Shirazi White,Coppell Youth SA,U13,m,11v11 Bronze II,Bracket B,RED,0,0,,,yes
206710,ETX United 12G,East Texas United SC,U14,f,11v11 Silver,Bracket A,GREEN,11,8,2026-05-16,,yes
494025,Atletico Dallas Youth 15B Brandt,Atletico Dallas Youth,U11,m,9v9 Silver,Bracket C,RED,0,0,,,yes
635332,FC Dallas Youth 17G Niehoff,FC Dallas Youth,U10,f,9v9 17s,Bracket A,RED,4,3,2026-03-01,1560.75,yes
567395,NTX United FC 2011B Paice,NTX United FC,U15,m,DS Silver,Bracket B,RED,0,0,,1525.89,yes
383332,FC Dallas Youth Pre-ECNL 15G Avant West,FC Dallas Youth,U11,f,9v9 Bronze,Bracket B,RED,0,0,,,yes
517375,SPD FC 14B Black,SPD FC,U12,m,9v9 Bronze,Bracket B,YELLOW,5,5,2026-01-11,,yes
380586,Frisco Fusion 15B Blue,Frisco Fusion,U11,m,Silver II,Bracket A,RED,0,0,,,yes
550321,Frisco Fusion 15G Blue,Frisco Fusion,U11,f,9v9 Bronze II,Bracket B,RED,0,0,,,yes
646537,Avanti SA ECNL RL B13,Avanti Soccer Academy,U13,m,11v11 Silver,Bracket A,RED,4,3,2025-12-14,,yes
517372,SPD FC 13B Red,SPD FC,U13,m,11v11 Bronze II,Bracket B,RED,0,0,,,yes
383586,Atletico Dallas Youth 07/08G Clark,Atletico Dallas Youth,U19,f,Gold,Bracket A,MISSING,0,0,,,no
415277,FCD ETX Palestine 15/16B,FC Dallas ETX,U11,m,9v9 Silver,Bracket B,RED,0,0,,,yes
543663,Solar 16G Tremblay,Solar SC,U10,f,9v9 Silver,Bracket A,RED,0,0,,,yes
268555,Athens Futbol Club 12B,Athens Futbol Club,U14,m,11v11 Silver,Bracket A,RED,0,0,,,yes
99024,FC LEGENDS UTD 13B Red,FC LEGENDS UTD,U13,m,11v11 Gold,Bracket A,RED,0,0,,,yes
496326,North Texas Elite 18B Flores,North Texas Elite SC,U9,m,18s,Bracket A,RED,3,3,2026-12-26,,yes
511727,Solar 17B Tremblay,Solar SC,U9,m,7v7 Bronze II,Bracket B,RED,3,3,2025-11-22,,yes
655787,The Hive,The Hive,U11,f,9v9 Bronze,Bracket A,RED,0,0,,,yes
538511,Texas Warriors FC 10B - NPL NTX Foster,Texas Warriors FC,U16,m,DS Silver Crossover,Bracket A,RED,0,0,,,yes
633473,Pegasus Futbol 2013G,Pegasus Futbol,U13,f,11v11 Bronze,Bracket C,RED,0,0,,,yes
703019,Pegasus Futbol 2015,Pegasus Futbol,U11,m,9v9 Bronze,Bracket B,RED,0,0,,1538.02,yes
626056,Pegasus Futbol 2013,Pegasus Futbol,U13,m,11v11 Bronze Crossover,Bracket A,RED,0,0,,,yes
492975,Solar South 10G Cameron,Solar SC,U16,f,HS 1,Bracket A,RED,0,0,,,yes
209098,Dallas Cosmos 13G Red,Dallas Cosmos Soccer Club,U13,f,11v11 Bronze,Bracket C,YELLOW,6,6,2026-05-17,,yes
410175,Dallas Cosmos 16G Black,Dallas Cosmos Soccer Club,U10,f,9v9 Bronze II,Bracket B,RED,0,0,,,yes
293968,Dallas Cosmos 16B White,Dallas Cosmos Soccer Club,U10,m,9v9 16s Silver,Bracket B,RED,0,0,,1501.88,yes
164899,12B Giurgila,Evolution,U14,m,11v11 Bronze II,Bracket C,RED,0,0,,,yes
163527,13B Giurgila,Evolution,U13,m,11v11 Bronze II,Bracket B,RED,0,0,,,yes
419884,17B McGregor (Black),Evolution,U9,m,7v7 Bronze II,Bracket A,RED,2,2,2025-11-23,1496.84,yes
451850,Fever United 11B Jacobo,Fever United,U15,m,DS Bronze,Bracket A,RED,0,0,,1510.26,yes
107876,Solar 09G Megli,Solar SC,U17,f,HS 1,Bracket A,RED,0,0,,,yes
612374,Texas Warriors FC 15G - Salas,Texas Warriors FC,U11,f,9v9 Silver,Bracket C,GREEN,18,15,2026-05-03,,yes
193618,Texas Warriors FC 15B Black,Texas Warriors FC,U11,m,9v9 Bronze,Bracket B,RED,0,0,,,yes
77672,Midlothian Premier FC 2012 Girls,Midlothian Premier FC,U14,f,11v11 Bronze Crossover,Bracket B,RED,0,0,,,yes
279157,Metro West Wolves 16B Thiem,Metro West SC,U10,m,9v9 16s Silver Elite,Bracket B,RED,0,0,,,yes
499346,OK Energy FC 14B White,Oklahoma Energy FC,U13,m,11v11 Silver 14s,Bracket B,RED,0,0,,1532.91,yes
528941,Legacy United FC 12B - Mininni,Legacy United FC,U14,m,11v11 Bronze,Bracket A,RED,0,0,,,yes
518517,Solar 10G Megli GCL,Solar SC,U16,f,HS 2,Bracket A,RED,0,0,,,yes
550627,Liverpool FC Dallas 2016B,Liverpool FC Texas,U10,m,9v9 Bronze II Crossover,Bracket A,RED,0,0,,,yes
657201,Trinity FC - Castillo 17/18,Independent Teams - NTX,U9,m,7v7 Bronze II,Bracket A,RED,0,0,,,yes
582558,Current Elite 19G,Current Elite 2019G,U8,f,4v4 Bronze,Bracket B,RED,0,0,,1496.24,yes
644075,Soccerplex United 19/20B,Soccerplex United,U7,m,Gold 4v4,Bracket B,YELLOW,7,7,2026-06-11,1515.96,yes
441885,Soccerplex United 16B,Soccerplex United,U10,m,9v9 16s Silver,Bracket B,RED,0,0,,,yes
647555,ETFC 07G Muhr,East Texas Football Club,U19,f,Gold,Bracket A,MISSING,0,0,,,no
687693,Valley Academy Green,Mt. Pleasant Youth Soccer Association,U6,m,Bronze,Bracket B,MISSING,0,0,,,no
152149,Royal Peak FC 2015 White,Royal Peak FC,U11,m,Silver II,Bracket C,RED,0,0,,,yes
296905,Dallas Texans 2018 Boys Dallas Rojas,Dallas Texans,U9,m,18s,Bracket A,RED,0,0,,1522.83,yes
333287,Dallas Texans 2017 Boys Dallas Rojas,Dallas Texans,U10,m,9v9 17s,Bracket A,YELLOW,7,7,2026-01-18,,yes
65147,Fever United 14B Mee,Fever United,U13,m,11v11 Bronze 14s,Bracket A,RED,0,0,,,yes
81643,Coppell FC 14B Gee White,Coppell Youth SA,U12,m,9v9 Bronze II,Bracket A,RED,1,1,2026-03-29,,yes
513133,Coppell FC 11B Gee Grey,Coppell Youth SA,U15,m,DS Bronze,Bracket A,RED,0,0,,,yes
521835,Kernow Storm FC G16 Pre-ECNL Nelson,Kernow Storm FC,U10,f,9v9 DS Gold,Bracket B,RED,3,3,2025-12-07,,yes
83004,FC Dallas Youth North NPL NTX B10,FC Dallas Youth,U16,m,DS Bronze Crossover,Bracket A,RED,0,0,,,yes
388334,FC Dallas Youth North NPL NTX B12,FC Dallas Youth,U14,m,11v11 Bronze,Bracket C,RED,0,0,,,yes
679949,Solar 08B Volkan RLNTX,Solar SC,U18,m,DS 08-09,Bracket A,MISSING,0,0,,,no
334941,Dallas Cosmos 15G White,Dallas Cosmos Soccer Club,U11,f,9v9 Bronze,Bracket B,RED,0,0,,,yes
410178,Dallas Cosmos 14G Red,Dallas Cosmos Soccer Club,U12,f,9v9 Bronze II,Bracket A,RED,0,0,,,yes
729412,Dallas Cosmos 15G Red,Dallas Cosmos Soccer Club,U11,f,9v9 Bronze II,Bracket B,MISSING,0,0,,,no
293967,Dallas Cosmos 16B Black,Dallas Cosmos Soccer Club,U10,m,9v9 16s Silver Elite,Bracket B,RED,0,0,,1476.81,yes
293964,Dallas Cosmos 15B Black,Dallas Cosmos Soccer Club,U11,m,9v9 Silver,Bracket A,RED,0,0,,,yes
293304,Dallas Cosmos 14G White,Dallas Cosmos Soccer Club,U12,f,9v9 Bronze,Bracket A,RED,0,0,,,yes
410384,Dallas Cosmos 17B Black,Dallas Cosmos Soccer Club,U9,m,7v7 Silver,Bracket A,RED,0,0,,1500.72,yes
159269,Avanti Soccer Academy 13B Blue,Avanti Soccer Academy,U13,m,11v11 Bronze Crossover,Bracket A,RED,0,0,,,yes
276187,Dallas Legends Panthers 17B,Dallas Legends,U9,m,7v7 Bronze II,Bracket B,RED,0,0,,1420.69,yes
79069,GLASA Thunderbirds 14B,GLASA,U12,m,9v9 Bronze II,Bracket A,GREEN,15,9,2026-04-26,,yes
552488,Solar 17G Jenkins,Solar SC,U9,f,7v7 Dallas Showcase Super Group 17s,Bracket B,RED,0,0,,1464.97,yes
409517,GLASA Fireballs 17B,GLASA,U9,m,7v7 Recreational,Bracket A,MISSING,0,0,,,no
70461,Victory SC 2010 Girls Black,Victory SC,U16,f,HS 1,Bracket A,RED,0,0,,1452.82,yes
54442,FC Dallas-High Plains 2013 Girls Red,FC Dallas High Plains,U13,f,Dallas Showcase Super Group 13s,Bracket A,RED,0,0,,,yes
631542,Coppell FC 15B Williams White,Coppell Youth SA,U11,m,9v9 Bronze II,Bracket A,RED,1,1,2025-05-03,,yes
585645,IRVING SPIRIT 18 GR,Irving Soccer Association,U8,f,4v4 Recreational,Bracket A,RED,3,3,2025-11-30,,yes
707563,Atletico Dallas Youth 17/18B Central,Atletico Dallas Youth,U9,m,7v7 Bronze II,Bracket B,RED,0,0,,,yes
661697,Atletico Dallas Youth 18B Blue,Atletico Dallas Youth,U8,m,7v7 Bronze,Bracket B,RED,0,0,,,yes
583341,Dallas Texans 2020 Girls Dallas,Dallas Texans,U7,f,4v4 2019s,Bracket A,RED,0,0,,,yes
564769,Real Madrid,Cooke County SA,U10,m,,,YELLOW,7,6,2026-04-26,,yes
634732,Sting G16 Doan,Sting Soccer Club,U10,f,9v9 Bronze II,Bracket A,RED,3,3,2026-04-13,,yes
643062,Solar 11B Volkan NPLNTX,Solar SC,U15,m,DS Bronze,Bracket B,GREEN,11,8,2026-03-29,,yes
523885,Dallas Texans 2017 Boys South,Dallas Texans,U10,m,9v9 17s,Bracket A,RED,0,0,,1544.22,yes
523891,Dallas Texans 2017 Boys Red South,Dallas Texans,U10,m,9v9 Bronze II Crossover,Bracket A,RED,0,0,,1505.84,yes
633260,FC Forney 2014B,FC Forney,U12,m,9v9 Bronze II,Bracket B,RED,4,4,2026-02-15,,yes
94680,10B Scannell,Evolution,U16,m,DS Silver Crossover,Bracket B,RED,0,0,,,yes
161859,14B Sinnott,Evolution,U13,m,11v11 Bronze 14s,Bracket A,RED,0,0,,,yes
166772,15B Sinnott,Evolution,U11,m,9v9 Bronze II,Bracket C,RED,0,0,,,yes
297208,Fever United 16B Tovar,Fever United,U10,m,9v9 Bronze,Bracket B,RED,0,0,,,yes
456819,GLASA Jaguars 18B,GLASA,U8,m,4v4 Bronze,Bracket A,YELLOW,7,7,2026-03-24,,yes
634179,FC Dallas Youth 19G / 20G - Frayre,FC Dallas Youth,U7,f,4v4 2019s,Bracket A,RED,3,2,2026-04-26,,yes
489195,Solar SW 15B Garcia.S White,Solar SC,U11,m,9v9 Bronze II,Bracket A,RED,1,1,2025-11-20,1462.14,yes
538015,FCP Dynamos 12B,FCP Dynamos,U14,m,11v11 Bronze,Bracket B,RED,0,0,,,yes
567225,GLASA Lake City Elite 16B,GLASA,U10,m,,,RED,0,0,,,yes
552600,American Tornadoes,American Tornadoes,U7,m,Bronze 4v4,Bracket A,RED,0,0,,1491.81,yes
636126,Dutch Lions 14B AZ,Dutch FC,U12,m,9v9 Bronze II,Bracket B,MISSING,0,0,,,no
385933,FC Dallas Youth Pre ECNL B15 Malik,FC Dallas Youth,U11,m,9v9 Silver,Bracket C,RED,0,0,,,yes
530905,Soccerplex United 16/17G Red,Soccerplex United,U10,f,9v9 Silver,Bracket B,YELLOW,21,16,2026-02-18,,yes
645936,Dallas Texans 2019 Girls East,Dallas Texans,U8,f,7v7 Silver,Bracket B,YELLOW,6,6,2026-04-12,1456.32,yes
508863,LC United 15B White Lyle,LC United,U11,m,9v9 Bronze,Bracket C,RED,0,0,,,yes
703183,Dallas Texans 2019 Girls Red East,Dallas Texans,U7,f,4v4 2019s,Bracket A,RED,0,0,,,yes
283774,Tyler FC 15B,Tyler FC,U11,m,DS 9v9 Silver Elite,Bracket B,RED,0,0,,1534.94,yes
407081,Tyler FC 18B,Tyler FC,U9,m,18s,Bracket A,RED,2,2,2025-11-23,1508.09,yes
536481,Tyler FC 19B,Tyler FC,U8,m,7v7 18s Silver,Bracket A,RED,3,3,2026-04-13,1530.97,yes
638734,Frisco Fusion 13G Red,Frisco Fusion,U13,f,11v11 Bronze,Bracket C,RED,0,0,,,yes
148172,Southern Soccer 14B,Southern Soccer,U12,m,9v9 Bronze,Bracket A,RED,0,0,,,yes
385932,FC Dallas Youth Pre ECNL B15,FC Dallas Youth,U11,m,9v9 Silver,Bracket A,RED,0,0,,,yes
204509,FC Dallas Pre ECNL B15 Raine,FC Dallas Youth,U11,m,DS 9v9 Silver Elite,Bracket A,RED,2,1,2026-04-26,,yes
96926,Coppell FC 09G Sansom,Coppell Youth SA,U17,f,HS 1,Bracket B,RED,0,0,,,yes
625815,Dallas Surf 13G Central,Dallas Surf,U13,f,11v11 Silver,Bracket A,RED,0,0,,,yes
576495,FC Dallas Youth 18G Herrera,FC Dallas Youth,U8,f,7v7 Silver,Bracket B,RED,0,0,,1505.70,yes
625834,Dallas Surf 15G Black,Dallas Surf,U11,f,9v9 Bronze II,Bracket B,RED,0,0,,,yes
121665,Bravos Academy 10B (Garcia),FC JUAREZ DALLAS,U17,m,DS Silver,Bracket A,RED,0,0,,,yes
116698,Dallas Legacy 08B Arroyo,Dallas Legacy,U18,m,DS 08-09,Bracket A,RED,0,0,,,yes
116701,Dallas Legacy 09G Arroyo,Dallas Legacy,U17,f,HS 1,Bracket B,RED,0,0,,,yes
656517,Sting B19 Guess,Sting Soccer Club,U7,m,Silver 4v4,Bracket A,RED,0,0,,,yes
111354,Steel United TX MSA 08G Elite,Steel United Texas,U19,f,Gold,Bracket B,RED,0,0,,,yes
444455,Coppell FC 16B Williams White,Coppell Youth SA,U10,m,9v9 Bronze II Crossover,Bracket C,RED,0,0,,1413.15,yes
500576,Dallas Surf 14G East Wave,Dallas Surf,U12,f,9v9 Bronze II,Bracket A,MISSING,0,0,,,no
336332,GLASA Hulk Smash 15B,GLASA,U11,m,,,RED,0,0,,1486.57,yes
77208,TAG 09B Black,TAG Soccer,U17,m,Bracket B,Bracket A,RED,0,0,,,yes
129701,Villarreal NTX 11B Yellow Vargas,Villarreal NTX,U15,m,DS Silver,Bracket A,RED,0,0,,,yes
140117,BVB 15B PreECNL Black East (Contreras),BVB International Academy Texas,U11,m,Silver II,Bracket C,RED,0,0,,,yes
261335,FC Dallas Youth Pre ECNL B14 Bailey,FC Dallas Youth,U13,m,11v11 Silver 14s,Bracket B,RED,0,0,,,yes
131542,IRVING TEXAS HEAT 14 GR,Irving Soccer Association,U12,f,,,GREEN,15,15,2026-04-18,,yes
631113,Solar SW 14B Gallegos PreECNL,Solar SC,U13,m,11v11 Silver 14s,Bracket B,RED,0,0,,,yes
526884,Legacy United FC 17B,Legacy United FC,U9,m,7v7 Bronze Crossover,Bracket A,RED,0,0,,1458.77,yes
489179,Legacy United FC 14B - Juarez,Legacy United FC,U12,m,9v9 Bronze,Bracket B,RED,0,0,,,yes
130687,Legacy United FC 13B,Legacy United FC,U13,m,11v11 Bronze II,Bracket A,RED,0,0,,,yes
521491,Atlético Dallas youth NPL NTX 12B HERNANDEZ-WTX,Atletico Dallas Youth,U15,m,DS Bronze,Bracket B,RED,0,0,,,yes
82996,FC Dallas Youth Navy ECNL RL NTX B13,FC Dallas Youth,U13,m,11v11 Silver,Bracket A,RED,0,0,,,yes
284420,Atletico Dallas Youth ECNL RL NTX BLUE 08/07B HERNANDEZ-WTX,Atletico Dallas Youth,U17,m,,,MISSING,0,0,,,no
131519,IRVING WILD CATS 12 GR,Irving Soccer Association,U14,f,,,MISSING,0,0,,,no
625839,Dallas Surf 15G Central,Dallas Surf,U11,f,,,RED,0,0,,,yes
83012,FC Dallas Youth White ECNL RL NTX G10,FC Dallas Youth,U16,f,HS 1,Bracket A,RED,0,0,,,yes
80236,07G GARCIA (TXN),DKSC,U19,f,Gold,Bracket A,MISSING,0,0,,,no